symbol,exchange,name
000020,KRX,동화약품
000040,KRX,KR모터스
000050,KRX,경방
000070,KRX,삼양홀딩스
000080,KRX,하이트진로
000087,KRX,하이트진로2우B
000100,KRX,유한양행
000105,KRX,유한양행우
000120,KRX,CJ대한통운
000140,KRX,하이트진로홀딩스
000145,KRX,하이트진로홀딩스우
000150,KRX,두산
000155,KRX,두산우
000157,KRX,두산2우B
000180,KRX,성창기업지주
000210,KRX,DL
000215,KRX,DL우
000220,KRX,유유제약
000225,KRX,유유제약1우
000227,KRX,유유제약2우B
000230,KRX,일동홀딩스
000240,KRX,한국앤컴퍼니
000250,KRX,삼천당제약
000270,KRX,기아
000300,KRX,DH오토넥스
000320,KRX,노루홀딩스
000325,KRX,노루홀딩스우
000370,KRX,한화손해보험
000390,KRX,삼화페인트
000400,KRX,롯데손해보험
000430,KRX,대원강업
000440,KRX,중앙에너비스
000480,KRX,CR홀딩스
000490,KRX,대동
000500,KRX,가온전선
000520,KRX,삼일제약
000540,KRX,흥국화재
000545,KRX,흥국화재우
000590,KRX,CS홀딩스
000640,KRX,동아쏘시오홀딩스
000650,KRX,천일고속
000660,KRX,SK하이닉스
000670,KRX,영풍
000680,KRX,LS네트웍스
000700,KRX,유수홀딩스
000720,KRX,현대건설
000725,KRX,현대건설우
000760,KRX,이화산업
000810,KRX,삼성화재
000815,KRX,삼성화재우
000850,KRX,화천기공
000860,KRX,강남제비스코
000880,KRX,한화
000890,KRX,보해양조
000910,KRX,유니온
000950,KRX,전방
000970,KRX,한국주철관
000990,KRX,DB하이텍
001000,KRX,신라섬유
001020,KRX,페이퍼코리아
001040,KRX,CJ
001045,KRX,CJ우
001060,KRX,JW중외제약
001065,KRX,JW중외제약우
001067,KRX,JW중외제약2우B
001070,KRX,대한방직
001080,KRX,만호제강
001120,KRX,LX인터내셔널
001130,KRX,대한제분
001140,KRX,국보
001200,KRX,유진투자증권
001210,KRX,금호전기
001230,KRX,동국홀딩스
001250,KRX,GS글로벌
001260,KRX,남광토건
001270,KRX,부국증권
001275,KRX,부국증권우
001290,KRX,상상인증권
001340,KRX,PKC
001360,KRX,삼성제약
001380,KRX,SG글로벌
001390,KRX,KG케미칼
001420,KRX,태원물산
001430,KRX,세아베스틸지주
001440,KRX,대한전선
001450,KRX,현대해상
001460,KRX,BYC
001465,KRX,BYC우
001470,KRX,삼부토건
001500,KRX,현대차증권
001510,KRX,SK증권
001515,KRX,SK증권우
001520,KRX,동양
001525,KRX,동양우
001527,KRX,동양2우B
001530,KRX,DI동일
001540,KRX,안국약품
001550,KRX,조비
001560,KRX,제일연마
001570,KRX,금양
001620,KRX,케이비아이동국실업
001630,KRX,종근당홀딩스
001680,KRX,대상
001685,KRX,대상우
001720,KRX,신영증권
001740,KRX,SK네트웍스
001750,KRX,한양증권
001755,KRX,한양증권우
001770,KRX,SHD
001780,KRX,알루코
001790,KRX,대한제당
001795,KRX,대한제당우
001800,KRX,오리온홀딩스
001810,KRX,무림SP
001820,KRX,삼화콘덴서
001840,KRX,이화공영
001940,KRX,KISCO홀딩스
002020,KRX,코오롱
002025,KRX,코오롱우
002030,KRX,아세아
002070,KRX,비비안
002100,KRX,경농
002140,KRX,고려산업
002150,KRX,도화엔지니어링
002170,KRX,삼양통상
002200,KRX,한국수출포장
002210,KRX,동성제약
002220,KRX,한일철강
002230,KRX,피에스텍
002240,KRX,고려제강
002290,KRX,삼일기업공사
002310,KRX,아세아제지
002320,KRX,한진
002350,KRX,넥센타이어
002355,KRX,넥센타이어1우B
002360,KRX,SH에너지화학
002380,KRX,KCC
002390,KRX,한독
002410,KRX,범양건영
002420,KRX,세기상사
002450,KRX,삼익악기
002460,KRX,HS화성
002600,KRX,조흥
002620,KRX,제일파마홀딩스
002630,KRX,오리엔트바이오
002680,KRX,한탑
002690,KRX,동일제강
002700,KRX,신일전자
002710,KRX,TCC스틸
002720,KRX,국제약품
002760,KRX,보락
002780,KRX,진흥기업
002785,KRX,진흥기업우B
002787,KRX,진흥기업2우B
002790,KRX,아모레퍼시픽홀딩스
002795,KRX,아모레퍼시픽홀딩스우
002800,KRX,신신제약
002810,KRX,삼영무역
002820,KRX,SUN&L
002840,KRX,미원상사
002870,KRX,신풍
002880,KRX,대유에이텍
002900,KRX,TYM
002920,KRX,유성기업
002960,KRX,한국쉘석유
002990,KRX,금호건설
002995,KRX,금호건설우
003000,KRX,부광약품
003010,KRX,혜인
003030,KRX,세아제강지주
003060,KRX,에이프로젠바이오로직스
003070,KRX,코오롱글로벌
003075,KRX,코오롱글로벌우
003080,KRX,SB성보
003090,KRX,대웅
003100,KRX,선광
003120,KRX,일성아이에스
003160,KRX,디아이
003200,KRX,일신방직
003220,KRX,대원제약
003230,KRX,삼양식품
003240,KRX,태광산업
003280,KRX,흥아해운
003300,KRX,한일홀딩스
003310,KRX,대주산업
003350,KRX,한국화장품제조
003380,KOSDAQ GLOBAL,하림지주
003460,KRX,유화증권
003465,KRX,유화증권우
003470,KRX,유안타증권
003475,KRX,유안타증권우
003480,KRX,한진중공업홀딩스
003490,KRX,대한항공
003495,KRX,대한항공우
003520,KRX,영진약품
003530,KRX,한화투자증권
003535,KRX,한화투자증권우
003540,KRX,대신증권
003545,KRX,대신증권우
003547,KRX,대신증권2우B
003550,KRX,LG
003555,KRX,LG우
003560,KRX,IHQ
003570,KRX,SNT다이내믹스
003580,KRX,HLB글로벌
003610,KRX,방림
003620,KRX,KG모빌리티
003650,KRX,미창석유
003670,KRX,포스코퓨처엠
003680,KRX,한성기업
003690,KRX,코리안리
003720,KRX,삼영
003780,KRX,진양산업
003800,KRX,에이스침대
003830,KRX,대한화섬
003850,KRX,보령
003920,KRX,남양유업
003925,KRX,남양유업우
003960,KRX,사조대림
004000,KRX,롯데정밀화학
004020,KRX,현대제철
004060,KRX,SG세계물산
004080,KRX,신흥
004090,KRX,한국석유
004100,KRX,태양금속
004105,KRX,태양금속우
004140,KRX,동방
004150,KRX,한솔홀딩스
004170,KRX,신세계
004250,KRX,NPC
004255,KRX,NPC우
004270,KRX,남성
004310,KRX,현대약품
004360,KRX,세방
004365,KRX,세방우
004370,KRX,농심
004380,KRX,삼익THK
004410,KRX,서울식품
004415,KRX,서울식품우
004430,KRX,송원산업
004440,KRX,삼일씨엔에스
004450,KRX,삼화왕관
004490,KRX,세방전지
004540,KRX,깨끗한나라
004545,KRX,깨끗한나라우
004560,KRX,현대비앤지스틸
004590,KRX,한국가구
004650,KRX,창해에탄올
004690,KRX,삼천리
004700,KRX,조광피혁
004710,KRX,한솔테크닉스
004720,KRX,팜젠사이언스
004770,KRX,써니전자
004780,KRX,대륙제관
004800,KRX,효성
004830,KRX,덕성
004835,KRX,덕성우
004840,KRX,DRB동일
004870,KRX,티웨이홀딩스
004890,KRX,동일산업
004910,KRX,조광페인트
004920,KRX,씨아이테크
004960,KRX,한신공영
004970,KRX,신라교역
004980,KRX,성신양회
004985,KRX,성신양회우
004990,KRX,롯데지주
005010,KRX,휴스틸
005030,KRX,부산주공
005070,KRX,코스모신소재
005090,KRX,SGC에너지
005110,KRX,한창
005160,KRX,동국산업
005180,KRX,빙그레
005250,KRX,녹십자홀딩스
005257,KRX,녹십자홀딩스2우
005290,KRX,동진쎄미켐
005300,KRX,롯데칠성
005305,KRX,롯데칠성우
005320,KRX,온타이드
005360,KRX,모나미
005380,KRX,현대차
005385,KRX,현대차우
005387,KRX,현대차2우B
005389,KRX,현대차3우B
005390,KRX,신성통상
005420,KRX,코스모화학
005430,KRX,한국공항
005440,KRX,현대지에프홀딩스
005490,KRX,POSCO홀딩스
005500,KRX,삼진제약
005610,KRX,SPC삼립
005670,KRX,푸드웰
005680,KRX,삼영전자
005690,KRX,파미셀
005710,KRX,대원산업
005720,KRX,넥센
005725,KRX,넥센우
005740,KRX,크라운해태홀딩스
005745,KRX,크라운해태홀딩스우
005750,KRX,대림바스
005800,KRX,신영와코루
005810,KRX,풍산홀딩스
005820,KRX,원림
005830,KRX,DB손해보험
005850,KRX,에스엘
005860,KRX,한일사료
005870,KRX,휴니드
005880,KRX,대한해운
005930,KRX,삼성전자
005935,KRX,삼성전자우
005940,KRX,NH투자증권
005945,KRX,NH투자증권우
005950,KRX,이수화학
005960,KRX,동부건설
005965,KRX,동부건설우
005990,KRX,매일홀딩스
006040,KRX,동원산업
006050,KRX,국영지앤엠
006060,KRX,화승인더
006090,KRX,사조오양
006110,KRX,삼아알미늄
006120,KRX,SK디스커버리
006125,KRX,SK디스커버리우
006140,KRX,피제이전자
006200,KRX,한국전자홀딩스
006220,KRX,제주은행
006260,KRX,LS
006280,KRX,녹십자
006340,KRX,대원전선
006345,KRX,대원전선우
006360,KRX,GS건설
006370,KRX,대구백화점
006380,KRX,카프로
006390,KRX,한일현대시멘트
006400,KRX,삼성SDI
006405,KRX,삼성SDI우
006490,KRX,인스코비
006570,KRX,대림통상
006620,KRX,동구바이오제약
006650,KRX,대한유화
006660,KRX,삼성공조
006730,KRX,서부T&D
006740,KRX,영풍제지
006800,KRX,미래에셋증권
006805,KRX,미래에셋증권우
006840,KRX,AK홀딩스
006880,KRX,신송홀딩스
006890,KRX,태경케미컬
006910,KRX,보성파워텍
006920,KRX,모헨즈
006980,KRX,우성
007070,KRX,GS리테일
007110,KRX,일신석재
007120,KRX,미래아이앤지
007160,KRX,사조산업
007210,KRX,벽산
007280,KRX,한국특강
007310,KRX,오뚜기
007330,KRX,푸른저축은행
007340,KRX,DN오토모티브
007370,KRX,진양제약
007390,KRX,네이처셀
007460,KRX,에이프로젠
007530,KRX,와이엠
007540,KRX,샘표
007570,KRX,일양약품
007575,KRX,일양약품우
007590,KRX,동방아그로
007610,KRX,선도전기
007660,KRX,이수페타시스
007680,KRX,대원
007690,KRX,국도화학
007700,KRX,F&F홀딩스
007720,KRX,소노스퀘어
007770,KRX,한일화학
007810,KRX,코리아써키트
007815,KRX,코리아써우
007820,KRX,에스엠코어
007860,KRX,서연
007980,KRX,TP
008040,KRX,사조동아원
008060,KRX,대덕
008110,KRX,대동전자
008250,KRX,이건산업
008260,KRX,NI스틸
008290,KRX,원풍물산
008350,KRX,남선알미늄
008355,KRX,남선알미우
008370,KRX,원풍
008420,KRX,문배철강
008470,KRX,부스타
008490,KRX,서흥
008500,KRX,일정실업
008600,KRX,윌비스
008700,KRX,아남전자
008730,KRX,율촌화학
008770,KRX,호텔신라
008775,KRX,호텔신라우
008830,KRX,대동기어
008870,KRX,금비
008930,KRX,한미사이언스
008970,KRX,KBI동양철관
009070,KRX,KCTC
009140,KRX,경인전자
009150,KRX,삼성전기
009155,KRX,삼성전기우
009160,KRX,SIMPAC
009180,KRX,한솔로지스틱스
009190,KRX,대양금속
009200,KRX,무림페이퍼
009240,KRX,한샘
009270,KRX,신원
009290,KRX,광동제약
009300,KRX,삼아제약
009310,KRX,참엔지니어링
009320,KRX,아진전자부품
009410,KRX,태영건설
009415,KRX,태영건설우
009420,KRX,한올바이오파마
009440,KRX,KC그린홀딩스
009450,KRX,경동나비엔
009460,KRX,한창제지
009470,KRX,삼화전기
009520,KOSDAQ GLOBAL,포스코엠텍
009540,KRX,HD한국조선해양
009580,KRX,무림P&P
009620,KRX,삼보산업
009680,KRX,모토닉
009730,KRX,이렘
009770,KRX,삼정펄프
009780,KRX,엠에스씨
009810,KRX,플레이그램
009830,KRX,한화솔루션
009835,KRX,한화솔루션우
009900,KRX,명신산업
009970,KRX,영원무역홀딩스
010040,KRX,한국내화
010060,KRX,OCI홀딩스
010100,KRX,한국무브넥스
010120,KRX,LS ELECTRIC
010130,KRX,고려아연
010140,KRX,삼성중공업
010170,KRX,대한광통신
010240,KRX,흥국
010280,KRX,아이티센엔텍
010400,KRX,우진아이엔에스
010420,KRX,한솔PNS
010470,KRX,오리콤
010580,KRX,에스엠벡셀
010600,KRX,웰바이오텍
010620,KRX,HD현대미포
010640,KRX,진양폴리
010660,KRX,화천기계
010690,KRX,화신
010770,KRX,평화홀딩스
010780,KRX,아이에스동서
010820,KRX,퍼스텍
010950,KRX,S-Oil
010955,KRX,S-Oil우
010960,KRX,삼호개발
011000,KRX,진원생명과학
011040,KRX,경동제약
011070,KRX,LG이노텍
011080,KRX,형지I&C
011090,KRX,에넥스
011150,KRX,CJ씨푸드
011155,KRX,CJ씨푸드1우
011170,KRX,롯데케미칼
011200,KRX,HMM
011210,KRX,현대위아
011230,KRX,삼화전자
011280,KRX,태림포장
011300,KRX,성안머티리얼스
011320,KRX,유니크
011330,KRX,유니켐
011370,KRX,서한
011390,KRX,부산산업
011420,KRX,갤럭시아에스엠
011500,KRX,한농화성
011560,KRX,세보엠이씨
011690,KRX,와이투솔루션
011700,KRX,한신기계
011760,KRX,현대코퍼레이션
011780,KRX,금호석유화학
011785,KRX,금호석유화학우
011790,KRX,SKC
011810,KRX,STX
011930,KRX,신성이엔지
012030,KRX,DB
012160,KRX,영흥
012170,KRX,아센디오
012200,KRX,계양전기
012205,KRX,계양전기우
012210,KRX,삼미금속
012280,KRX,영화금속
012320,KRX,경동인베스트
012330,KRX,현대모비스
012340,KRX,뉴인텍
012450,KRX,한화에어로스페이스
012510,KRX,더존비즈온
012610,KRX,경인양행
012620,KRX,원일특강
012630,KRX,HDC
012690,KRX,모나리자
012700,KRX,리드코프
012750,KRX,에스원
012790,KRX,신일제약
012800,KRX,대창
012860,KRX,모베이스전자
013000,KRX,세우글로벌
013030,KRX,하이록코리아
013120,KRX,동원개발
013310,KRX,아진산업
013360,KRX,일성건설
013520,KRX,화승코퍼레이션
013570,KRX,디와이
013580,KRX,계룡건설
013700,KRX,까뮤이앤씨
013720,KRX,THE CUBE&
013810,KRX,스페코
013870,KRX,지엠비코리아
013890,KRX,지누스
013990,KRX,아가방컴퍼니
014100,KRX,메디앙스
014130,KRX,한익스프레스
014160,KRX,대영포장
014190,KRX,원익큐브
014200,KRX,광림
014280,KRX,금강공업
014285,KRX,금강공업우
014440,KRX,영보화학
014470,KRX,부방
014530,KRX,극동유화
014570,KRX,고려제약
014580,KRX,태경비케이
014620,KRX,성광벤드
014680,KRX,한솔케미칼
014710,KRX,사조씨푸드
014790,KRX,HL D&I
014820,KRX,동원시스템즈
014825,KRX,동원시스템즈우
014830,KRX,유니드
014910,KRX,성문전자
014915,KRX,성문전자우
014940,KRX,오리엔탈정공
014970,KRX,삼륭물산
014990,KRX,인디에프
015020,KRX,이스타코
015230,KRX,대창단조
015260,KRX,에이엔피
015360,KRX,INVENI
015590,KRX,DKME
015710,KRX,코콤
015750,KRX,성우하이텍
015760,KRX,한국전력
015860,KRX,일진홀딩스
015890,KRX,태경산업
016090,KRX,대현
016100,KRX,리더스코스메틱
016250,KRX,SGC E&C
016360,KRX,삼성증권
016380,KRX,KG스틸
016450,KRX,한세예스24홀딩스
016580,KRX,환인제약
016590,KRX,신대양제지
016600,KRX,큐캐피탈
016610,KRX,DB증권
016670,KRX,디모아
016710,KRX,대성홀딩스
016740,KRX,두올
016790,KRX,현대사료
016800,KRX,퍼시스
016880,KRX,웅진
016920,KRX,카스
017000,KRX,신원종합개발
017040,KRX,광명전기
017180,KRX,명문제약
017250,KRX,인터엠
017370,KRX,우신시스템
017390,KRX,서울가스
017480,KRX,삼현철강
017510,KRX,세명전기
017550,KRX,수산세보틱스
017650,KRX,대림제지
017670,KRX,SK텔레콤
017800,KRX,현대엘리베이터
017810,KRX,풀무원
017860,KRX,DS단석
017890,KRX,한국알콜
017900,KRX,광전자
017940,KRX,E1
017960,KRX,한국카본
018000,KRX,유니슨
018120,KRX,진로발효
018250,KRX,애경산업
018260,KRX,삼성에스디에스
018290,KRX,브이티
018310,KRX,삼목에스폼
018470,KRX,조일알미늄
018500,KRX,동원금속
018620,KRX,우진비앤지
018670,KRX,SK가스
018680,KRX,서울제약
018700,KRX,바른손
018880,KRX,한온시스템
019010,KRX,베뉴지
019170,KRX,신풍제약
019175,KRX,신풍제약우
019180,KRX,티에이치엔
019210,KRX,와이지-원
019440,KRX,세아특수강
019490,KRX,엑시큐어하이트론
019540,KRX,일지테크
019550,KRX,SBI인베스트먼트
019570,KRX,플루토스
019660,KRX,글로본
019680,KRX,대교
019685,KRX,대교우B
019770,KRX,서연탑메탈
019990,KRX,에너토크
020000,KRX,한섬
020120,KRX,키다리스튜디오
020150,KRX,롯데에너지머티리얼즈
020180,KRX,대신정보통신
020400,KRX,대동금속
020560,KRX,아시아나항공
020710,KRX,시공테크
020760,KRX,일진디스플
021040,KRX,대호특수강
021045,KRX,대호특수강우
021050,KRX,서원
021080,KRX,에이티넘인베스트
021240,KRX,코웨이
021320,KRX,KCC건설
021650,KRX,한국큐빅
021820,KRX,세원정공
021880,KRX,메이슨캐피탈
022100,KRX,포스코DX
022220,KRX,티케이지애강
023000,KRX,삼원강재
023150,KRX,MH에탄올
023160,KRX,태광
023350,KRX,한국종합기술
023410,KRX,유진기업
023440,KRX,제이스코홀딩스
023450,KRX,동남합성
023530,KRX,롯데쇼핑
023590,KRX,다우기술
023600,KRX,삼보판지
023760,KRX,한국캐피탈
023770,KRX,플레이위드
023790,KRX,동일스틸럭스
023800,KRX,인지컨트롤스
023810,KRX,인팩
023900,KRX,풍국주정
023910,KRX,대한약품
023960,KRX,에쓰씨엔지니어링
024060,KRX,흥구석유
024070,KRX,WISCOM
024090,KRX,디씨엠
024110,KRX,기업은행
024120,KRX,KB오토시스
024720,KRX,콜마홀딩스
024740,KRX,한일단조
024800,KRX,유성티엔에스
024830,KRX,세원물산
024840,KRX,KBI메탈
024850,KRX,HLB이노베이션
024880,KRX,케이피에프
024890,KRX,대원화성
024900,KRX,디와이덕양
024910,KRX,경창산업
024940,KRX,PN풍년
024950,KRX,삼천리자전거
025000,KRX,KPX케미칼
025320,KRX,시노펙스
025440,KRX,DH오토웨어
025530,KRX,SJM홀딩스
025540,KRX,한국단자
025550,KRX,한국선재
025560,KRX,미래산업
025620,KRX,제이준코스메틱
025750,KRX,한솔홈데코
025770,KRX,한국정보통신
025820,KRX,이구산업
025860,KRX,남해화학
025870,KRX,신라에스지
025880,KRX,케이씨피드
025890,KRX,한국주강
025900,KOSDAQ GLOBAL,동화기업
025950,KRX,동신건설
025980,KRX,아난티
026040,KRX,제이에스티나
026150,KRX,특수건설
026890,KRX,스틱인베스트먼트
026910,KRX,광진실업
026940,KRX,부국철강
026960,KRX,동서
027040,KRX,서울전자통신
027050,KRX,코리아나
027360,KRX,아주IB투자
027410,KRX,BGF
027580,KRX,상보
027710,KRX,팜스토리
027740,KRX,마니커
027830,KRX,대성창투
027970,KRX,한국제지
028050,KRX,삼성E&A
028080,KRX,휴맥스홀딩스
028100,KRX,동아지질
028260,KRX,삼성물산
028300,KRX,HLB
028670,KRX,팬오션
029460,KRX,케이씨
029480,KRX,광무
029530,KRX,신도리코
029780,KRX,삼성카드
030000,KRX,제일기획
030190,KRX,NICE평가정보
030200,KRX,KT
030210,KRX,다올투자증권
030350,KRX,드래곤플라이
030520,KOSDAQ GLOBAL,한글과컴퓨터
030530,KRX,원익홀딩스
030610,KRX,교보증권
030720,KRX,동원수산
030960,KRX,양지사
031210,KRX,서울보증보험
031310,KRX,아이즈비전
031330,KRX,에스에이엠티
031430,KRX,신세계인터내셔날
031440,KRX,신세계푸드
031510,KRX,오스템
031820,KRX,아이티센씨티에스
031860,KRX,디에이치엑스컴퍼니
031980,KRX,피에스케이홀딩스
032080,KRX,아즈텍WB
032190,KRX,다우데이타
032280,KRX,삼일
032300,KRX,한국파마
032350,KRX,롯데관광개발
032500,KRX,케이엠더블유
032540,KRX,TJ미디어
032560,KRX,황금에스티
032580,KRX,피델릭스
032620,KRX,유비케어
032640,KRX,LG유플러스
032680,KRX,소프트센
032685,KRX,소프트센우
032750,KRX,삼진
032790,KRX,엠젠솔루션
032800,KRX,판타지오
032820,KRX,우리기술
032830,KRX,삼성생명
032850,KRX,비트컴퓨터
032860,KRX,더라미
032940,KRX,원익
032960,KRX,동일기연
032980,KRX,바이온
033050,KRX,제이엠아이
033100,KRX,제룡전기
033130,KRX,디지틀조선
033160,KRX,엠케이전자
033170,KRX,시그네틱스
033180,KRX,KH 필룩스
033200,KRX,모아텍
033230,KRX,인성정보
033240,KRX,자화전자
033250,KRX,체시스
033270,KRX,유나이티드제약
033290,KRX,코웰패션
033310,KRX,엠투엔
033320,KRX,제이씨현시스템
033340,KRX,좋은사람들
033500,KRX,동성화인텍
033530,KRX,SJG세종
033540,KRX,파라텍
033560,KRX,블루콤
033640,KRX,네패스
033780,KRX,KT&G
033790,KRX,피노
033830,KRX,티비씨
033920,KRX,무학
034020,KRX,두산에너빌리티
034120,KRX,SBS
034220,KRX,LG디스플레이
034230,KRX,파라다이스
034310,KRX,NICE
034590,KRX,인천도시가스
034730,KRX,SK
034810,KRX,해성산업
034830,KRX,한국토지신탁
034940,KRX,조아제약
034950,KRX,한국기업평가
035000,KRX,HS애드
035080,KRX,그래디언트
035150,KRX,백산
035200,KRX,프럼파스트
035250,KRX,강원랜드
035290,KRX,골드앤에스
035420,KRX,NAVER
035460,KRX,기산텔레콤
035510,KRX,신세계 I&C
035600,KRX,KG이니시스
035610,KRX,솔본
035620,KRX,바른손이앤에이
035720,KRX,카카오
035760,KOSDAQ GLOBAL,CJ ENM
035810,KRX,이지홀딩스
035890,KRX,서희건설
035900,KOSDAQ GLOBAL,JYP Ent.
036000,KRX,예림당
036010,KRX,아비코전자
036030,KRX,케이티알파
036090,KRX,위지트
036120,KRX,서울평가정보
036170,KRX,에이치엠넥스
036180,KRX,지더블유바이텍
036190,KRX,금화피에스시
036200,KRX,유니셈
036220,KRX,오상헬스케어
036420,KRX,콘텐트리중앙
036460,KRX,한국가스공사
036480,KRX,대성미생물
036530,KRX,SNT홀딩스
036540,KRX,SFA반도체
036560,KRX,KZ정밀
036570,KRX,엔씨소프트
036580,KRX,팜스코
036620,KRX,감성코퍼레이션
036630,KRX,세종텔레콤
036640,KRX,HRS
036670,KRX,삼양케이씨아이
036690,KRX,코맥스
036710,KRX,심텍홀딩스
036800,KRX,나이스정보통신
036810,KRX,에프에스티
036830,KOSDAQ GLOBAL,솔브레인홀딩스
036890,KRX,진성티이씨
036930,KOSDAQ GLOBAL,주성엔지니어링
037030,KRX,파워넷
037070,KRX,파세코
037230,KRX,한국팩키지
037270,KRX,YG PLUS
037330,KRX,인지디스플레
037350,KRX,성도이엔지
037370,KRX,EG
037400,KRX,우리엔터프라이즈
037440,KRX,희림
037460,KRX,삼지전자
037560,KRX,LG헬로비전
037710,KRX,광주신세계
037760,KRX,쎄니트
037950,KRX,엘컴텍
038010,KRX,제일테크노스
038060,KRX,루멘스
038070,KRX,서린바이오
038110,KRX,에코플라스틱
038290,KRX,마크로젠
038390,KRX,레드캡투어
038460,KRX,바이오스마트
038500,KRX,삼표시멘트
038530,KRX,케이바이오
038540,KRX,상상인
038620,KRX,위즈코프
038680,KRX,에스넷
038870,KRX,에코바이오
038880,KRX,아이에이
038950,KRX,파인디지털
039010,KRX,현대에이치티
039020,KRX,이건홀딩스
039030,KOSDAQ GLOBAL,이오테크닉스
039130,KRX,하나투어
039200,KRX,오스코텍
039240,KRX,경남스틸
039290,KRX,인포뱅크
039310,KRX,세중
039340,KRX,한국경제TV
039420,KRX,케이엘넷
039440,KRX,에스티아이
039490,KRX,키움증권
039560,KRX,다산네트웍스
039570,KRX,HDC랩스
039610,KRX,화성밸브
039740,KRX,한국정보공학
039830,KRX,오로라
039840,KRX,디오
039860,KRX,나노엔텍
039980,KRX,폴라리스AI
040160,KRX,누리플렉스
040300,KRX,YTN
040350,KRX,크레오에스지
040420,KRX,정상제이엘에스
040610,KRX,SG&G
040910,KRX,아이씨디
041020,KRX,폴라리스오피스
041190,KRX,우리기술투자
041440,KRX,현대에버다임
041460,KRX,한국전자인증
041510,KOSDAQ GLOBAL,에스엠
041520,KRX,이엘씨
041590,KRX,플래스크
041650,KRX,상신브레이크
041830,KRX,인바디
041910,KRX,폴라리스AI파마
041920,KRX,메디아나
041930,KRX,동아화성
041960,KRX,코미팜
042000,KRX,카페24
042040,KRX,케이피엠테크
042110,KRX,에스씨디
042370,KRX,비츠로테크
042420,KRX,네오위즈홀딩스
042500,KRX,링네트
042510,KRX,라온시큐어
042520,KRX,한스바이오메드
042600,KRX,새로닉스
042660,KRX,한화오션
042670,KRX,HD현대인프라코어
042700,KRX,한미반도체
042940,KRX,상지건설
043090,KRX,더테크놀로지
043100,KRX,알파녹스
043150,KRX,바텍
043200,KRX,파루
043220,KRX,티에스넥스젠
043260,KRX,성호전자
043340,KRX,에쎈테크
043360,KRX,디지아이
043370,KRX,피에이치에이
043590,KRX,웰킵스하이텍
043610,KRX,KT지니뮤직
043650,KRX,국순당
043710,KRX,서울리거
043910,KRX,자연과환경
044180,KRX,KD
044340,KRX,위닉스
044380,KRX,주연테크
044450,KRX,KSS해운
044480,KRX,빌리언스
044490,KRX,태웅
044780,KRX,에이치케이
044820,KRX,코스맥스비티아이
044960,KRX,이글벳
044990,KRX,에이치엔에스하이텍
045060,KRX,오공
045100,KRX,한양이엔지
045300,KRX,성우테크론
045340,KRX,토탈소프트
045390,KRX,대아티아이
045510,KRX,정원엔시스
045520,KRX,크린앤사이언스
045660,KRX,에이텍
045970,KRX,코아시아
046070,KRX,코다코
046120,KRX,오르비텍
046210,KRX,HLB파나진
046310,KRX,백금T&A
046390,KRX,삼화네트웍스
046440,KRX,KG모빌리언스
046890,KOSDAQ GLOBAL,서울반도체
046940,KRX,우원개발
046970,KRX,우리로
047040,KRX,대우건설
047050,KRX,포스코인터내셔널
047080,KRX,한빛소프트
047310,KRX,파워로직스
047400,KRX,유니온머티리얼
047560,KRX,이스트소프트
047770,KRX,코데즈컴바인
047810,KRX,한국항공우주
047820,KRX,초록뱀미디어
047920,KRX,HLB제약
048410,KRX,현대바이오
048430,KRX,유라테크
048470,KRX,대동스틸
048530,KRX,인트론바이오
048550,KRX,SM C&C
048770,KRX,TPC
048830,KRX,엔피케이
048870,KRX,시너지이노베이션
048910,KRX,대원미디어
049070,KRX,인탑스
049080,KRX,기가레인
049120,KRX,파인디앤씨
049180,KRX,셀루메드
049430,KRX,코메론
049470,KRX,SGA
049480,KRX,오픈베이스
049520,KRX,유아이엘
049550,KRX,잉크테크
049630,KRX,재영솔루텍
049720,KRX,고려신용정보
049800,KRX,우진플라임
049830,KRX,승일
049950,KRX,미래컴퍼니
049960,KRX,쎌바이오텍
050090,KRX,비케이홀딩스
050110,KRX,캠시스
050120,KRX,ES큐브
050760,KRX,에스폴리텍
050860,KRX,아세아텍
050890,KRX,쏠리드
050960,KRX,수산아이앤티
051160,KRX,지어소프트
051360,KRX,토비스
051370,KRX,인터플렉스
051380,KRX,피씨디렉트
051390,KRX,YW
051490,KRX,나라엠앤디
051500,KRX,CJ프레시웨이
051600,KRX,한전KPS
051630,KRX,진양화학
051780,KRX,큐로홀딩스
051900,KRX,LG생활건강
051905,KRX,LG생활건강우
051910,KRX,LG화학
051915,KRX,LG화학우
051980,KRX,중앙첨단소재
052020,KRX,에스티큐브
052220,KRX,iMBC
052260,KRX,현대바이오랜드
052300,KRX,오션인더블유
052330,KRX,코텍
052400,KRX,코나아이
052420,KRX,오성첨단소재
052460,KRX,아이크래프트
052600,KRX,한네트
052670,KRX,제일바이오
052690,KRX,한전기술
052710,KRX,아모텍
052770,KRX,아이톡시
052790,KRX,액토즈소프트
052860,KRX,아이앤씨
052900,KRX,KX하이텍
052960,KRX,태양3C
053030,KRX,바이넥스
053050,KRX,지에스이
053060,KRX,세동
053080,KRX,케이엔솔
053160,KRX,프리엠스
053210,KRX,스카이라이프
053260,KRX,금강철강
053270,KRX,구영테크
053280,KRX,예스24
053290,KRX,NE능률
053300,KRX,한국정보인증
053350,KRX,이니텍
053450,KRX,세코닉스
053580,KRX,웹케시
053610,KRX,프로텍
053620,KRX,태양
053690,KRX,한미글로벌
053700,KRX,삼보모터스
053800,KRX,안랩
053950,KRX,경남제약
053980,KRX,오상자이엘
054040,KRX,한국컴퓨터
054050,KRX,농우바이오
054090,KRX,삼진엘앤디
054180,KRX,메디콕스
054210,KRX,이랜텍
054220,KRX,비츠로시스
054300,KRX,팬스타엔터프라이즈
054410,KRX,케이피티유
054450,KRX,텔레칩스
054540,KRX,삼영엠텍
054620,KRX,APS
054630,KRX,에이디칩스
054670,KRX,대한뉴팜
054780,KRX,키이스트
054800,KRX,아이디스홀딩스
054920,KRX,한컴위드
054930,KRX,유신
054940,KRX,엑사이엔씨
054950,KRX,제이브이엠
055490,KRX,테이팩스
055550,KRX,신한지주
056080,KRX,유진로봇
056090,KRX,시지메드텍
056190,KOSDAQ GLOBAL,에스에프에이
056360,KRX,코위버
056700,KRX,신화인터텍
056730,KRX,CNT85
057030,KRX,YBM넷
057050,KRX,현대홈쇼핑
057540,KRX,옴니시스템
057680,KRX,티사이언티픽
057880,KRX,푸른소나무
058110,KRX,멕아이씨에스
058400,KRX,KNN
058430,KRX,포스코스틸리온
058450,KRX,한주에이알티
058470,KOSDAQ GLOBAL,리노공업
058610,KRX,에스피지
058630,KRX,엠게임
058650,KRX,세아홀딩스
058730,KRX,다스코
058820,KRX,CMG제약
058850,KRX,KTcs
058860,KRX,KTis
058970,KRX,엠로
059090,KRX,미코
059100,KRX,아이컴포넌트
059120,KRX,아진엑스텍
059210,KRX,메타바이오메드
059270,KRX,해성에어로보틱스
060150,KRX,인선이엔티
060230,KRX,소니드
060240,KRX,스타코링크
060250,KRX,NHN KCP
060260,KRX,뉴보텍
060280,KRX,큐렉소
060310,KRX,3S
060370,KRX,LS마린솔루션
060380,KRX,동양에스텍
060480,KRX,국일신동
060540,KRX,에스에이티
060560,KRX,HC홈센타
060570,KRX,드림어스컴퍼니
060590,KRX,씨티씨바이오
060720,KRX,KH바텍
060850,KRX,영림원소프트랩
060900,KRX,DGP
060980,KRX,HL홀딩스
061040,KRX,알에프텍
061250,KRX,화일약품
061970,KRX,LB세미콘
062040,KRX,산일전기
062970,KRX,한국첨단소재
063080,KRX,컴투스홀딩스
063160,KRX,종근당바이오
063170,KRX,서울옥션
063440,KRX,SM Life Design
063570,KRX,NICE인프라
063760,KRX,이엘피
064090,KRX,인크레더블버즈
064240,KRX,홈캐스트
064260,KRX,다날
064290,KRX,인텍플러스
064350,KRX,현대로템
064400,KRX,LG씨엔에스
064480,KRX,브리지텍
064520,KRX,테크엘
064550,KRX,바이오니아
064760,KOSDAQ GLOBAL,티씨케이
064800,KRX,포니링크
064820,KRX,케이프
064850,KRX,에프앤가이드
064960,KRX,SNT모티브
065060,KRX,지엔코
065130,KRX,탑엔지니어링
065150,KRX,대산F&B
065170,KRX,비엘팜텍
065350,KRX,신성델타테크
065370,KRX,위세아이텍
065420,KRX,에스아이리소스
065440,KRX,이루온
065450,KRX,빅텍
065500,KRX,오리엔트정공
065510,KRX,휴비츠
065530,KRX,와이어블
065570,KRX,삼영이엔씨
065650,KRX,하이퍼코퍼레이션
065660,KRX,안트로젠
065680,KRX,우주일렉트로
065690,KRX,파커스
065710,KRX,서호전기
065770,KRX,CS
065950,KRX,웰크론
066130,KRX,하츠
066310,KRX,큐에스아이
066360,KRX,체리부로
066410,KRX,버킷스튜디오
066430,KRX,아이로보틱스
066570,KRX,LG전자
066575,KRX,LG전자우
066590,KRX,우수AMS
066620,KRX,국보디자인
066670,KRX,디티씨
066700,KRX,테라젠이텍스
066790,KRX,씨씨에스
066830,KRX,제노텍
066900,KRX,디에이피
066910,KRX,손오공
066970,KRX,엘앤에프
066980,KRX,한성크린텍
067000,KRX,조이시티
067010,KRX,이씨에스
067080,KRX,대화제약
067160,KOSDAQ GLOBAL,SOOP
067170,KRX,오텍
067280,KRX,멀티캠퍼스
067290,KRX,JW신약
067310,KRX,하나마이크론
067370,KRX,선바이오
067390,KRX,아스트
067570,KRX,엔브이에이치코리아
067630,KRX,HLB생명과학
067730,KRX,로지시스
067770,KRX,세진티에스
067830,KRX,세이브존I&C
067900,KRX,와이엔텍
067920,KRX,이글루
067990,KRX,도이치모터스
068050,KRX,팬엔터테인먼트
068100,KRX,케이웨더
068240,KRX,다원시스
068270,KRX,셀트리온
068290,KRX,삼성출판사
068330,KRX,일신바이오
068760,KRX,셀트리온제약
068790,KRX,DMS
068930,KRX,디지털대성
068940,KRX,셀피글로벌
069080,KOSDAQ GLOBAL,웹젠
069140,KRX,누리플랜
069260,KRX,TKG휴켐스
069330,KRX,유아이디
069410,KRX,엔텔스
069460,KRX,대호에이엘
069510,KRX,에스텍
069540,KRX,빛과전자
069620,KRX,대웅제약
069640,KRX,한세엠케이
069730,KRX,DSR제강
069920,KRX,엑시온그룹
069960,KRX,현대백화점
070300,KRX,엑스큐어
070590,KRX,한솔인티큐브
070960,KRX,모나용평
071050,KRX,한국금융지주
071055,KRX,한국금융지주우
071090,KRX,하이스틸
071200,KRX,인피니트헬스케어
071280,KRX,로체시스템즈
071320,KRX,지역난방공사
071670,KRX,에이테크솔루션
071840,KRX,롯데하이마트
071850,KRX,캐스텍코리아
071950,KRX,코아스
071970,KRX,HD현대마린엔진
072020,KRX,중앙백신
072130,KRX,유엔젤
072470,KRX,우리산업홀딩스
072710,KRX,농심홀딩스
072770,KRX,율호
072870,KRX,메가스터디
072950,KRX,빛샘전자
072990,KRX,에이치시티
073010,KRX,케이에스피
073110,KRX,엘엠에스
073190,KRX,듀오백
073240,KRX,금호타이어
073490,KRX,이노와이어리스
073540,KRX,에프알텍
073560,KRX,우리손에프앤지
073570,KRX,리튬포어스
073640,KRX,테라사이언스
074430,KRX,아미노로직스
074600,KOSDAQ GLOBAL,원익QnC
074610,KRX,이엔플러스
075130,KRX,플랜티넷
075180,KRX,새론오토모티브
075580,KRX,세진중공업
075970,KRX,동국알앤에스
076080,KRX,웰크론한텍
076340,KRX,지에이이노더스
076610,KRX,해성옵틱스
077360,KRX,덕산하이메탈
077500,KRX,유니퀘스트
077970,KRX,STX엔진
078000,KRX,텔코웨어
078020,KRX,LS증권
078070,KRX,유비쿼스홀딩스
078130,KRX,국일제지
078140,KRX,대봉엘에스
078150,KRX,HB테크놀러지
078160,KRX,메디포스트
078340,KOSDAQ GLOBAL,컴투스
078350,KRX,한양디지텍
078520,KRX,에이블씨엔씨
078590,KRX,휴림에이텍
078600,KRX,대주전자재료
078860,KRX,엔에스이엔엠
078890,KRX,가온그룹
078930,KRX,GS
078935,KRX,GS우
079000,KRX,와토스코리아
079160,KRX,CJ CGV
079170,KRX,한창산업
079190,KRX,케스피온
079370,KRX,제우스
079430,KRX,현대리바트
079550,KRX,LIG넥스원
079650,KRX,서산
079810,KRX,디이엔티
079900,KRX,전진건설로봇
079940,KRX,가비아
079950,KRX,인베니아
079960,KRX,동양이엔피
079970,KRX,투비소프트
079980,KRX,휴비스
080010,KRX,이상네트웍스
080160,KRX,모두투어
080220,KRX,제주반도체
080420,KRX,모다이노칩
080470,KRX,성창오토텍
080520,KRX,오디텍
080530,KRX,코디
080580,KRX,오킨스전자
080720,KRX,한국유니온제약
081000,KRX,일진다이아
081150,KRX,티플랙스
081180,KRX,쎄크
081580,KRX,성우전자
081660,KRX,미스토홀딩스
082210,KRX,옵트론텍
082270,KRX,젬백스
082640,KRX,동양생명
082660,KRX,코스나인
082740,KRX,한화엔진
082800,KRX,비보존 제약
082850,KRX,우리바이오
082920,KRX,비츠로셀
083310,KRX,엘오티베큠
083420,KRX,그린케미칼
083450,KRX,GST
083470,KRX,이엠앤아이
083500,KRX,에프엔에스테크
083550,KRX,케이엠
083640,KRX,인콘
083650,KRX,비에이치아이
083660,KRX,CSA 코스믹
083790,KRX,CG인바이츠
083930,KRX,아바코
084010,KRX,대한제강
084110,KRX,휴온스글로벌
084180,KRX,수성웹툰
084370,KRX,유진테크
084440,KRX,유비온
084650,KRX,랩지노믹스
084670,KRX,동양고속
084680,KRX,이월드
084690,KRX,대상홀딩스
084695,KRX,대상홀딩스우
084730,KRX,팅크웨어
084850,KOSDAQ GLOBAL,아이티엠반도체
084870,KRX,TBH글로벌
084990,KRX,헬릭스미스
085310,KRX,엔케이
085620,KRX,미래에셋생명
085660,KRX,차바이오텍
085670,KRX,뉴프렉스
085810,KRX,알티캐스트
085910,KRX,네오티스
086040,KRX,바이오톡스텍
086060,KRX,진바이오텍
086220,KRX,광동헬스바이오
086280,KRX,현대글로비스
086390,KRX,유니테스트
086450,KOSDAQ GLOBAL,동국제약
086520,KOSDAQ GLOBAL,에코프로
086670,KRX,비엠티
086710,KRX,선진뷰티사이언스
086790,KRX,하나금융지주
086820,KRX,바이오솔루션
086890,KRX,이수앱지스
086900,KRX,메디톡스
086960,KRX,MDS테크
086980,KRX,쇼박스
087010,KRX,펩트론
087260,KRX,모바일어플라이언스
087600,KRX,픽셀플러스
088130,KRX,동아엘텍
088260,KRX,이리츠코크렙
088280,KRX,쏘닉스
088290,KRX,이원컴포텍
088340,KRX,유라클
088350,KRX,한화생명
088390,KRX,이녹스
088790,KRX,진도
088800,KRX,에이스테크
088910,KRX,동우팜투테이블
088980,KRX,맥쿼리인프라
089010,KRX,켐트로닉스
089030,KRX,테크윙
089140,KRX,넥스턴바이오
089150,KRX,케이씨티
089230,KRX,THE E&M
089470,KRX,HDC현대EP
089590,KRX,제주항공
089600,KRX,KT나스미디어
089790,KRX,제이티
089850,KRX,유비벨록스
089860,KRX,롯데렌탈
089890,KRX,코세스
089970,KRX,브이엠
089980,KRX,상아프론테크
090080,KRX,평화산업
090150,KRX,아이윈
090350,KRX,노루페인트
090355,KRX,노루페인트우
090360,KRX,로보스타
090370,KRX,메타랩스
090410,KRX,덕신이피씨
090430,KRX,아모레퍼시픽
090435,KRX,아모레퍼시픽우
090460,KRX,비에이치
090470,KRX,제이스텍
090710,KRX,휴림로봇
090850,KRX,현대이지웰
091090,KRX,세원이앤씨
091120,KRX,이엠텍
091340,KRX,S&K폴리텍
091440,KRX,한울소재과학
091580,KRX,상신이디피
091590,KRX,남화토건
091700,KOSDAQ GLOBAL,파트론
091810,KRX,티웨이항공
091970,KRX,나노캠텍
092040,KRX,아미코젠
092070,KRX,디엔에프
092130,KRX,이크레더블
092190,KRX,서울바이오시스
092200,KRX,디아이씨
092220,KRX,KEC
092230,KRX,KPX홀딩스
092300,KRX,현우산업
092440,KRX,기신정기
092460,KRX,한라IMS
092590,KRX,럭스피아
092600,KRX,앤씨앤
092730,KRX,네오팜
092780,KRX,DYP
092790,KRX,넥스틸
092870,KRX,엑시콘
093050,KRX,LF
093190,KRX,빅솔론
093240,KRX,형지엘리트
093320,KRX,케이아이엔엑스
093370,KRX,후성
093380,KRX,풍강
093510,KRX,엔지브이아이
093520,KRX,매커스
093640,KRX,케이알엠
093920,KRX,서원인텍
094170,KRX,동운아나텍
094280,KRX,효성ITX
094360,KRX,칩스앤미디어
094480,KRX,갤럭시아머니트리
094800,KRX,맵스리얼티1
094820,KRX,일진파워
094840,KRX,슈프리마에이치큐
094850,KRX,참좋은여행
094860,KRX,네오리진
094940,KRX,푸른기술
094970,KRX,제이엠티
095190,KRX,이엠코리아
095270,KRX,웨이브일렉트로
095340,KOSDAQ GLOBAL,ISC
095500,KRX,미래나노텍
095570,KRX,AJ네트웍스
095610,KRX,테스
095660,KRX,네오위즈
095700,KRX,제넥신
095720,KRX,웅진씽크빅
095910,KRX,에스에너지
096240,KRX,크레버스
096250,KRX,와이즈넛
096350,KRX,대창솔루션
096530,KRX,씨젠
096610,KRX,알에프세미
096630,KRX,에스코넥
096690,KRX,에이루트
096760,KRX,JW홀딩스
096770,KRX,SK이노베이션
096775,KRX,SK이노베이션우
096870,KRX,엘디티
097230,KRX,HJ중공업
097520,KRX,엠씨넥스
097780,KRX,에코볼트
097800,KRX,윈팩
097870,KRX,효성오앤비
097950,KRX,CJ제일제당
097955,KRX,CJ제일제당 우
098070,KRX,한텍
098120,KRX,마이크로컨텍솔
098460,KRX,고영
098660,KRX,에스티오
099190,KRX,아이센스
099220,KRX,SDN
099320,KRX,쎄트렉아이
099390,KRX,브레인즈컴퍼니
099410,KRX,동방선기
099430,KRX,바이오플러스
099440,KRX,스맥
099520,KRX,DGI
099750,KRX,이지케어텍
100030,KRX,인지소프트
100090,KRX,SK오션플랜트
100120,KRX,뷰웍스
100130,KRX,동국S&C
100220,KRX,비상교육
100250,KRX,진양홀딩스
100590,KRX,머큐리
100660,KRX,서암기계공업
100700,KRX,세운메디칼
100790,KRX,미래에셋벤처투자
100840,KRX,SNT에너지
101000,KRX,KS인더스트리
101140,KRX,인바이오젠
101160,KRX,월덱스
101170,KRX,우림피티에스
101240,KRX,씨큐브
101330,KRX,모베이스
101360,KRX,에코앤드림
101390,KRX,아이엠
101400,KRX,엔시트론
101490,KRX,에스앤에스텍
101530,KRX,해태제과식품
101670,KRX,하이드로리튬
101680,KRX,한국정밀기계
101730,KRX,위메이드맥스
101930,KRX,인화정공
101970,KRX,우양에이치씨
102120,KRX,어보브반도체
102260,KRX,동성케미컬
102280,KRX,쌍방울
102370,KRX,케이옥션
102460,KRX,이연제약
102710,KRX,이엔에프테크놀로지
102940,KRX,코오롱생명과학
102950,KRX,아하
103140,KRX,풍산
103230,KRX,에스앤더블류
103590,KRX,일진전기
103660,KRX,씨앗
103840,KRX,우양
104040,KRX,대성파인텍
104200,KRX,NHN벅스
104460,KRX,디와이피엔에프
104480,KRX,티케이케미칼
104540,KRX,코렌텍
104620,KRX,노랑풍선
104700,KRX,한국철강
104830,KRX,원익머트리얼즈
105330,KRX,케이엔더블유
105550,KRX,엣지파운드리
105560,KRX,KB금융
105630,KRX,한세실업
105740,KRX,디케이락
105760,KRX,포스뱅크
105840,KRX,우진
106080,KRX,케이이엠텍
106190,KRX,하이텍팜
106240,KRX,파인테크닉스
106520,KRX,노블엠앤비
107590,KRX,미원홀딩스
107600,KRX,새빗켐
107640,KRX,한중엔시에스
108230,KRX,톱텍
108320,KRX,LX세미콘
108380,KRX,대양전기공업
108490,KRX,로보티즈
108670,KRX,LX하우시스
108675,KRX,LX하우시스우
108860,KRX,셀바스AI
109070,KRX,주성코퍼레이션
109080,KRX,옵티시스
109610,KRX,에스와이
109670,KRX,씨싸이트
109740,KRX,디에스케이
109820,KRX,진매트릭스
109860,KRX,동일금속
109960,KRX,앱토크롬
110020,KRX,전진바이오팜
110790,KRX,크리스에프앤씨
110990,KRX,디아이티
111110,KRX,호전실업
111380,KRX,동인기연
111710,KRX,남화산업
111770,KRX,영원무역
111870,KRX,KH 미래물산
112040,KRX,위메이드
112190,KRX,KC산업
112290,KRX,와이씨켐
112610,KRX,씨에스윈드
113810,KRX,디젠스
114090,KRX,GKL
114190,KRX,강원에너지
114450,KRX,그린생명과학
114630,KRX,폴라리스우노
114810,KRX,한솔아이원스
114840,KRX,아이패밀리에스씨
114920,KRX,대주이엔티
115160,KRX,휴맥스
115180,KRX,큐리언트
115310,KRX,인포바인
115440,KRX,우리넷
115450,KRX,HLB테라퓨틱스
115480,KRX,씨유메디칼
115500,KRX,케이씨에스
115530,KRX,씨엔플러스
115570,KRX,스타플렉스
115610,KRX,이미지스
116100,KRX,태양기계
117580,KRX,대성에너지
117670,KRX,알파칩스
117730,KRX,티로보틱스
118000,KRX,메타케어
118990,KRX,모트렉스
119500,KRX,포메탈
119610,KRX,인터로조
119650,KRX,KC코트렐
119830,KRX,아이텍
119850,KRX,지엔씨에너지
120030,KRX,조선선재
120110,KRX,코오롱인더
120115,KRX,코오롱인더우
120240,KRX,대정화금
121060,KRX,유니포인트
121440,KRX,골프존홀딩스
121600,KRX,나노신소재
121800,KRX,비덴트
121850,KRX,코이즈
121890,KRX,에스디시스템
122310,KRX,제노레이
122350,KRX,삼기
122450,KRX,KX
122640,KRX,예스티
122690,KRX,서진오토모티브
122830,KRX,원포유
122870,KRX,와이지엔터테인먼트
122900,KRX,아이마켓코리아
122990,KRX,와이솔
123010,KRX,아이윈플러스
123040,KRX,엠에스오토텍
123330,KRX,제닉
123410,KRX,코리아에프티
123420,KRX,위메이드플레이
123570,KRX,이엠넷
123690,KRX,한국화장품
123700,KRX,SJM
123750,KRX,알톤
123840,KRX,뉴온
123860,KRX,아나패스
123890,KRX,한국자산신탁
124500,KRX,아이티센글로벌
124560,KRX,태웅로직스
125020,KRX,티씨머티리얼즈
125210,KRX,아모그린텍
125490,KRX,한라캐스트
126340,KRX,비나텍
126560,KRX,현대퓨처넷
126600,KRX,BGF에코머티리얼즈
126640,KRX,화신정공
126700,KRX,하이비젼시스템
126720,KRX,수산인더스트리
126730,KRX,코칩
126880,KRX,제이엔케이글로벌
127120,KRX,제이에스링크
127710,KRX,아시아경제
127980,KRX,화인써키트
128540,KRX,에코캡
128660,KRX,피제이메탈
128820,KRX,대성산업
128940,KRX,한미약품
129260,KRX,인터지스
129890,KRX,앱코
129920,KRX,대성하이텍
130500,KRX,GH신소재
130580,KRX,나이스디앤비
130660,KRX,한전산업
130740,KRX,티피씨글로벌
131030,KRX,옵투스제약
131090,KRX,시큐브
131100,KRX,티엔엔터테인먼트
131180,KRX,딜리
131220,KRX,대한과학
131290,KRX,티에스이
131370,KRX,알서포트
131400,KRX,이브이첨단소재
131760,KRX,파인텍
131970,KOSDAQ GLOBAL,두산테스나
133750,KRX,메가엠디
133820,KRX,화인베스틸
134060,KRX,이퓨쳐
134380,KRX,미원화학
134580,KRX,탑코미디어
134790,KRX,시디즈
136150,KRX,원일티엔아이
136410,KRX,아셈스
136480,KRX,하림
136490,KRX,선진
136540,KRX,윈스테크넷
136660,KRX,큐엠씨
137080,KRX,나래나노텍
137310,KRX,에스디바이오센서
137400,KOSDAQ GLOBAL,피엔티
137940,KRX,넥스트아이
137950,KRX,제이씨케미칼
138040,KRX,메리츠금융지주
138070,KRX,신진에스엠
138080,KRX,오이솔루션
138360,KRX,협진
138490,KRX,코오롱ENP
138610,KRX,나이벡
138930,KRX,BNK금융지주
139050,KRX,BF랩스
139130,KRX,iM금융지주
139480,KRX,이마트
139670,KRX,키네마스터
139990,KRX,아주스틸
140070,KRX,서플러스글로벌
140410,KRX,메지온
140430,KRX,카티스
140520,KRX,대창스틸
140610,KRX,엔솔바이오사이언스
140660,KRX,위월드
140670,KRX,알에스오토메이션
140860,KOSDAQ GLOBAL,파크시스템스
140910,KRX,에이리츠
141000,KRX,비아트론
141080,KOSDAQ GLOBAL,리가켐바이오
142210,KRX,유니트론텍
142280,KRX,녹십자엠에스
142760,KRX,모아라이프플러스
143160,KRX,아이디스
143210,KRX,핸즈코퍼레이션
143240,KRX,사람인
143540,KRX,영우디에스피
144510,KRX,지씨셀
144960,KRX,뉴파워프라즈마
145020,KOSDAQ GLOBAL,휴젤
145170,KRX,노브랜드
145210,KRX,다이나믹디자인
145270,KRX,케이탑리츠
145720,KRX,덴티움
145990,KRX,삼양사
145995,KRX,삼양사우
146060,KRX,율촌
146320,KRX,비씨엔씨
147760,KRX,피엠티
147830,KRX,제룡산업
148150,KRX,세경하이테크
148250,KRX,알엔투테크놀로지
148780,KRX,비큐AI
148930,KRX,에이치와이티씨
149010,KRX,아이케이세미콘
149300,KRX,아퓨어스
149950,KRX,아바텍
149980,KRX,하이로닉
150840,KRX,인트로메딕
150900,KRX,파수
151860,KRX,KG에코솔루션
151910,KRX,퓨처코어
152550,KRX,한국ANKOR유전
153460,KRX,네이블
153490,KRX,우리이앤엘
153710,KRX,옵티팜
154030,KRX,아시아종묘
154040,KRX,다산솔루에타
155650,KRX,와이엠씨
155660,KRX,DSR
156100,KRX,엘앤케이바이오
158430,KRX,아톤
159010,KRX,아스플로
159580,KRX,제로투세븐
159910,KRX,에코글로우
160190,KRX,하이젠알앤엠
160550,KRX,NEW
160980,KRX,싸이맥스
161000,KRX,애경케미칼
161390,KRX,한국타이어앤테크놀로지
161580,KRX,필옵틱스
161890,KRX,한국콜마
162120,KRX,루켄테크놀러지스
162300,KRX,신스틸
163280,KRX,에어레인
163560,KRX,동일고무벨트
163730,KRX,핑거
166090,KOSDAQ GLOBAL,하나머티리얼즈
166480,KRX,코아스템켐온
168330,KRX,내츄럴엔도텍
168360,KRX,펨트론
169330,KRX,엠브레인
169670,KRX,코스텍시스템
170030,KRX,현대공업
170790,KRX,파이오링크
170900,KRX,동아에스티
170920,KRX,엘티씨
171010,KRX,램테크놀러지
171090,KRX,선익시스템
171120,KRX,라이온켐텍
172670,KRX,에이엘티
173130,KRX,오파스넷
173940,KRX,에프엔씨엔터
174880,KRX,장원테크
174900,KRX,앱클론
175140,KRX,휴먼테크놀로지
175250,KRX,아이큐어
175330,KRX,JB금융지주
176590,KRX,코나솔
176750,KRX,듀켐바이오
177350,KRX,베셀
177830,KRX,파버나인
177900,KRX,쓰리에이로직스
178320,KRX,서진시스템
178600,KRX,대동고려삼
178780,KRX,일월지엠엘
178920,KRX,PI첨단소재
179290,KRX,엠아이텍
179530,KRX,애드바이오텍
179720,KRX,머니무브
179900,KRX,유티아이
180060,KRX,탑선
180400,KRX,DXVX
180640,KRX,한진칼
181710,KRX,NHN
182360,KRX,큐브엔터
182400,KRX,엔케이맥스
183190,KRX,아세아시멘트
183300,KOSDAQ GLOBAL,코미코
183490,KRX,엔지켐생명과학
184230,KRX,SGA솔루션즈
185190,KRX,수프로
185490,KRX,아이진
185750,KRX,종근당
186230,KRX,그린플러스
187220,KRX,디티앤씨
187270,KRX,신화콘텍
187420,KRX,HLB제넥스
187660,KRX,현대ADM
187790,KRX,나노
187870,KRX,디바이스
188040,KRX,바이오포트
188260,KRX,세니젠
189300,KRX,인텔리안테크
189330,KRX,씨이랩
189350,KRX,코셋
189690,KRX,포시에스
189860,KRX,서전기전
189980,KRX,흥국에프엔비
190510,KRX,나무가
190650,KRX,코리아에셋투자증권
191410,KRX,육일씨엔에쓰
191420,KRX,테고사이언스
191600,KRX,블루탑
192080,KRX,더블유게임즈
192250,KRX,케이사인
192390,KRX,윈하이텍
192400,KRX,쿠쿠홀딩스
192410,KRX,오늘이엔엠
192440,KRX,슈피겐코리아
192650,KRX,드림텍
192820,KRX,코스맥스
193250,KRX,링크드
194370,KRX,제이에스코퍼레이션
194480,KRX,데브시스터즈
194700,KRX,노바렉스
195500,KRX,마니커에프앤지
195870,KRX,해성디에스
195940,KOSDAQ GLOBAL,HK이노엔
195990,KRX,에이비프로바이오
196170,KOSDAQ GLOBAL,알테오젠
196300,KRX,HLB펩
196450,KRX,코아시아씨엠
196490,KRX,디에이테크놀로지
196700,KRX,웹스
197140,KRX,디지캡
198080,KRX,캐프
198440,KRX,강동씨앤엘
198940,KRX,한주라이트메탈
199150,KRX,데이터스트림즈
199290,KRX,바이오프로테크
199430,KRX,케이엔알시스템
199480,KRX,뱅크웨어글로벌
199550,KRX,레이저옵텍
199730,KRX,바이오인프라
199800,KRX,툴젠
199820,KRX,제일일렉트릭
200130,KOSDAQ GLOBAL,콜마비앤에이치
200230,KRX,텔콘RF제약
200350,KRX,아티스트스튜디오
200470,KRX,에이팩트
200580,KRX,메디쎄이
200670,KRX,휴메딕스
200710,KRX,에이디테크놀로지
200780,KRX,비씨월드제약
200880,KRX,서연이화
201490,KRX,미투온
202960,KRX,판도라티비
203400,KRX,에이비온
203450,KRX,유니온바이오메트릭스
203650,KRX,드림시큐리티
203690,KRX,아크솔루션스
204020,KRX,그리티
204210,KRX,스타에스엠리츠
204270,KRX,제이앤티씨
204320,KRX,HL만도
204610,KRX,티쓰리
204620,KRX,글로벌텍스프리
204630,KRX,스튜디오산타클로스
204840,KRX,지엘팜텍
205100,KRX,엑셈
205470,KRX,휴마시스
205500,KRX,넥써쓰
206400,KRX,베노티앤알
206560,KRX,덱스터
206640,KRX,바디텍메드
206650,KRX,유바이오로직스
206950,KRX,볼빅
207490,KRX,에이펙스인텍
207760,KRX,미스터블루
207940,KRX,삼성바이오로직스
208140,KRX,정다운
208340,KRX,파멥신
208350,KRX,지란지교시큐리티
208370,KRX,셀바스헬스케어
208640,KRX,썸에이지
208710,KRX,포톤
208850,KRX,이비테크
208860,KRX,엔지스테크널러지
208890,KRX,미래엔에듀파트너
209640,KRX,와이제이링크
210120,KRX,캔버스엔
210540,KRX,디와이파워
210980,KRX,SK디앤디
211050,KRX,인카금융서비스
211270,KRX,AP위성
212310,KRX,오건에코텍
212560,KRX,네오오토
212710,KRX,아이에스티이
213420,KOSDAQ GLOBAL,덕산네오룩스
213500,KRX,한솔제지
214150,KOSDAQ GLOBAL,클래시스
214180,KRX,헥토이노베이션
214260,KRX,라파스
214270,KRX,FSN
214320,KRX,이노션
214330,KRX,금호에이치티
214370,KRX,케어젠
214390,KRX,경보제약
214420,KRX,토니모리
214430,KRX,아이쓰리시스템
214450,KOSDAQ GLOBAL,파마리서치
214610,KRX,더바이오메드
214680,KRX,디알텍
215000,KOSDAQ GLOBAL,골프존
215090,KRX,솔디펜스
215100,KRX,로보로보
215200,KOSDAQ GLOBAL,메가스터디교육
215360,KRX,우리산업
215380,KRX,우정바이오
215480,KRX,토박스코리아
215570,KRX,크로넥스
215600,KRX,신라젠
215790,KRX,이노인스트루먼트
216050,KRX,인크로스
216080,KRX,제테마
216400,KRX,인바이츠바이오코아
217190,KRX,제너셈
217270,KRX,넵튠
217320,KRX,썬테크
217330,KRX,싸이토젠
217480,KRX,에스디생명공학
217500,KRX,러셀
217620,KRX,선샤인푸드
217730,KRX,강스템바이오텍
217820,KRX,원익피앤이
217880,KRX,틸론
217910,KRX,에스제이켐
217950,KRX,파마리서치바이오
218150,KRX,미래생명자원
218410,KRX,RFHIC
219130,KRX,타이거일렉
219420,KRX,링크제니시스
219550,KRX,디와이디
219750,KRX,한국비티비
220100,KRX,퓨쳐켐
220180,KRX,핸디소프트
220260,KRX,켐트로스
221800,KRX,유투바이오
221840,KRX,하이즈항공
221980,KRX,케이디켐
222040,KRX,코스맥스엔비티
222080,KOSDAQ GLOBAL,씨아이에스
222110,KRX,팬젠
222160,KRX,NPX
222420,KRX,쎄노텍
222670,KRX,플럼라인생명과학
222800,KOSDAQ GLOBAL,심텍
222810,KRX,세토피아
222980,KRX,한국맥널티
223220,KRX,로지스몬
223250,KRX,드림씨아이에스
223310,KRX,사토시홀딩스
224060,KRX,더코디
224110,KRX,에이텍모빌리티
224760,KRX,엔에스컴퍼니
224810,KRX,엄지하우스
225190,KRX,LK삼양
225220,KRX,제놀루션
225430,KRX,케이엠제약
225530,KRX,HC보광산업
225570,KRX,넥슨게임즈
225590,KRX,패션플랫폼
226320,KRX,잇츠한불
226330,KRX,신테카바이오
226340,KRX,본느
226360,KRX,KH 건설
226400,KRX,오스테오닉
226590,KRX,엠디바이스
226950,KRX,올릭스
227100,KRX,퀀텀온
227420,KRX,도부
227610,KRX,아우딘퓨쳐스
227840,KRX,현대코퍼레이션홀딩스
227950,KRX,엔투텍
228340,KRX,동양파일
228670,KRX,레이
228760,KRX,지노믹트리
228850,KRX,레이언스
229000,KRX,젠큐릭스
229500,KRX,노브메타파마
229640,KRX,LS에코에너지
230240,KRX,에치에프알
230360,KRX,에코마케팅
230980,KRX,비유테크놀러지
232140,KRX,와이씨
232530,KRX,이엠티
232680,KRX,라온테크
232830,KRX,아이티센피엔에스
233250,KRX,메디안디노스틱
233990,KRX,질경이
234030,KRX,싸이닉솔루션
234070,KRX,에이원알폼
234080,KRX,JW생명과학
234100,KRX,폴라리스세원
234300,KRX,에스트래픽
234340,KRX,헥토파이낸셜
234690,KRX,녹십자웰빙
234920,KRX,자이글
235980,KRX,메드팩토
236030,KRX,씨알푸드
236200,KRX,슈프리마
236340,KRX,메디젠휴먼케어
236810,KRX,엔비티
237690,KOSDAQ GLOBAL,에스티팜
237750,KRX,피앤씨테크
237820,KRX,플레이디
237880,KRX,클리오
238090,KRX,앤디포스
238120,KRX,얼라인드
238170,KRX,엔에스엠
238200,KRX,비피도
238490,KRX,힘스
238500,KRX,로보쓰리에이아이
239340,KRX,이스트에이드
239610,KRX,에이치엘사이언스
239890,KRX,피엔에이치테크
240550,KRX,동방메디컬
240600,KRX,유진테크놀로지
240810,KOSDAQ GLOBAL,원익IPS
241520,KRX,DSC인베스트먼트
241560,KRX,두산밥캣
241590,KRX,화승엔터프라이즈
241690,KRX,유니테크노
241710,KRX,코스메카코리아
241770,KRX,메카로
241790,KRX,티이엠씨씨엔에스
241820,KRX,피씨엘
241840,KRX,에이스토리
242040,KRX,나무기술
243070,KRX,휴온스
243840,KRX,신흥에스이씨
243870,KRX,아이티센코어
244460,KRX,올리패스
244880,KRX,나눔테크
244920,KRX,에이플러스에셋
245450,KRX,씨앤에스링크
245620,KRX,EDGC
246250,KRX,에스엘에스바이오
246690,KRX,TS인베스트먼트
246710,KRX,티앤알바이오팹
246720,KRX,아스타
246960,KRX,SCL사이언스
247540,KOSDAQ GLOBAL,에코프로비엠
247660,KRX,나노씨엠에스
248070,KRX,솔루엠
248170,KRX,샘표식품
249420,KRX,일동제약
250000,KRX,보라티알
250030,KRX,진코스텍
250060,KRX,모비스
250930,KRX,예선테크
251120,KRX,바이오에프디엔씨
251270,KRX,넷마블
251280,KRX,안지오랩
251370,KRX,와이엠티
251630,KRX,브이원텍
251970,KRX,펌텍코리아
252500,KRX,세화피앤씨
252990,KRX,샘씨엔에스
253450,KOSDAQ GLOBAL,스튜디오드래곤
253590,KRX,네오셈
253610,KRX,루트락
253840,KRX,수젠텍
254120,KRX,자비스
254160,KRX,제이엠멀티
254490,KRX,미래반도체
255220,KRX,SG
255440,KRX,야스
256150,KRX,한독크린텍
256630,KRX,포인트엔지니어링
256840,KRX,한국비엔씨
256940,KRX,킵스파마
257370,KRX,피엔티엠에스
257720,KRX,실리콘투
257990,KRX,나우코스
258050,KRX,테크트랜스
258610,KRX,케일럼
258790,KRX,소프트캠프
258830,KRX,세종메디칼
259630,KRX,엠플러스
259960,KRX,크래프톤
260660,KRX,알리코제약
260870,KRX,SK시그넷
260930,KRX,씨티케이
260970,KRX,에스앤디
261200,KRX,덴티스
261780,KRX,차백신연구소
262260,KRX,에이프로
262840,KRX,아이퀘스트
263020,KRX,디케이앤디
263050,KRX,유틸렉스
263600,KRX,덕우전자
263690,KRX,디알젬
263700,KRX,케어랩스
263720,KRX,디앤씨미디어
263750,KOSDAQ GLOBAL,펄어비스
263770,KRX,유에스티
263800,KRX,데이타솔루션
263810,KRX,상신전자
263860,KRX,지니언스
263920,KRX,휴엠앤씨
264450,KRX,유비쿼스
264660,KRX,씨앤지하이테크
264850,KRX,이랜시스
264900,KRX,크라운제과
265520,KRX,AP시스템
265560,KRX,영화테크
265740,KRX,엔에프씨
266170,KRX,뿌리깊은나무들
266350,KRX,팡스카이
266470,KRX,바이오인프라생명과학
266870,KRX,파워풀엑스
267080,KRX,세븐브로이맥주
267250,KRX,HD현대
267260,KRX,HD현대일렉트릭
267270,KRX,HD현대건설기계
267290,KRX,경동도시가스
267320,KRX,나인테크
267790,KRX,배럴
267850,KRX,아시아나IDT
267980,KRX,매일유업
268280,KRX,미원에스씨
269620,KRX,시스웍
270210,KRX,에스알바이오텍
270520,KRX,앱튼
270660,KRX,에브리봇
270870,KRX,뉴트리
271560,KRX,오리온
271830,KRX,팸텍
271940,KRX,일진하이솔루스
271980,KRX,제일약품
272110,KRX,케이엔제이
272210,KRX,한화시스템
272290,KOSDAQ GLOBAL,이녹스첨단소재
272450,KRX,진에어
272550,KRX,삼양패키징
273060,KRX,와이즈버즈
273640,KRX,와이엠텍
274090,KRX,켄코아에어로스페이스
274400,KRX,이노시뮬레이션
275630,KRX,에스에스알
276040,KRX,스코넥
276240,KRX,엘리비젼
276730,KRX,한울앤제주
277070,KRX,린드먼아시아
277410,KRX,인산가
277810,KRX,레인보우로보틱스
277880,KRX,티에스아이
278280,KRX,천보
278470,KRX,에이피알
278650,KRX,HLB바이오스텝
278990,KRX,EMB
279060,KRX,이노벡스
279600,KRX,미디어젠
280360,KRX,롯데웰푸드
281740,KRX,레이크머티리얼즈
281820,KRX,케이씨텍
282330,KRX,BGF리테일
282720,KRX,금양그린파워
282880,KRX,코윈테크
284620,KRX,카이노스메드
284740,KRX,쿠쿠홈시스
285130,KRX,SK케미칼
285490,KRX,노바텍
285800,KRX,진영
286750,KRX,나노실리칸첨단소재
286940,KRX,롯데이노베이트
287840,KRX,인투셀
288330,KRX,파라택시스코리아
288490,KRX,나라소프트
288620,KRX,에스퓨얼셀
288980,KRX,모아데이타
289010,KRX,아이스크림에듀
289080,KRX,SV인베스트먼트
289170,KRX,바이오텐
289220,KRX,자이언트스텝
289930,KRX,웨이비스
290090,KRX,트윔
290120,KRX,DH오토리드
290270,KRX,휴네시온
290520,KRX,신도기연
290550,KRX,디케이티
290560,KRX,신시웨이
290650,KRX,엘앤씨바이오
290660,KRX,네오펙트
290670,KRX,대보마그네틱
290690,KRX,소룩스
290720,KRX,푸드나무
290740,KRX,액트로
291230,KRX,엔피
291650,KRX,압타머사이언스
291810,KRX,핀텔
293480,KRX,하나제약
293490,KOSDAQ GLOBAL,카카오게임즈
293580,KRX,나우IB
293780,KRX,압타바이오
293940,KRX,신한알파리츠
294090,KRX,이오플로우
294140,KRX,레몬
294570,KRX,쿠콘
294630,KRX,서남
294870,KRX,HDC현대산업개발
295310,KRX,에이치브이엠
296160,KRX,프로젠
296520,KRX,가이아코퍼레이션
296640,KRX,이노룰스
297090,KRX,씨에스베어링
297570,KRX,알로이스
297890,KRX,HB솔루션
298000,KRX,효성화학
298020,KRX,효성티앤씨
298040,KRX,효성중공업
298050,KRX,HS효성첨단소재
298060,KRX,에스씨엠생명과학
298380,KRX,에이비엘바이오
298540,KRX,더네이쳐홀딩스
298690,KRX,에어부산
298830,KRX,슈어소프트테크
299030,KRX,하나기술
299170,KRX,더블유에스아이
299480,KRX,지앤이헬스케어
299660,KRX,셀리드
299900,KRX,위지윅스튜디오
300080,KRX,플리토
300120,KRX,라온피플
300720,KRX,한일시멘트
301300,KRX,바이브컴퍼니
302430,KRX,이노메트리
302440,KRX,SK바이오사이언스
302550,KRX,리메드
302920,KRX,더콘텐츠온
303030,KRX,지니틱스
303360,KRX,프로티아
303530,KRX,이노뎁
303810,KRX,동국생명과학
304100,KRX,솔트룩스
304360,KRX,에스바이오메딕스
304840,KRX,피플바이오
305090,KRX,마이크로디지탈
306040,KRX,에스제이그룹
306200,KRX,세아제강
306620,KRX,네온테크
307180,KRX,아이엘
307280,KRX,원바이오젠
307750,KRX,국전약품
307870,KRX,비투엔
307930,KRX,컴퍼니케이
307950,KRX,현대오토에버
308080,KRX,바이젠셀
308100,KRX,형지글로벌
308170,KRX,씨티알모빌리티
308430,KRX,셀비온
308700,KRX,테크엔
309710,KRX,아이티켐
309930,KRX,오하임앤컴퍼니
309960,KRX,LB인베스트먼트
310200,KRX,애니플러스
310210,KRX,보로노이
310870,KRX,디와이씨
311060,KRX,엘에이티
311320,KRX,지오엘리먼트
311390,KRX,네오크레마
311690,KRX,CJ 바이오사이언스
311960,KRX,인터로이드
312610,KRX,에이에프더블류
313760,KRX,캐리
314130,KRX,지놈앤컴퍼니
314140,KRX,알피바이오
314930,KRX,바이오다인
315640,KRX,딥노이드
316140,KRX,우리금융지주
317120,KRX,라닉스
317240,KRX,TS트릴리온
317330,KRX,덕산테코피아
317400,KRX,자이에스앤디
317530,KRX,캐리소프트
317690,KRX,퀀타매트릭스
317770,KRX,엑스페릭스
317830,KRX,에스피시스템스
317850,KRX,대모
317860,KRX,노드메이슨
317870,KRX,엔바이오니아
318000,KRX,KBG
318010,KRX,팜스빌
318020,KRX,포인트모바일
318060,KRX,그래피
318160,KRX,셀바이오휴먼텍
318410,KRX,비비씨
318660,KRX,타임기술
319400,KRX,현대무벡스
319660,KOSDAQ GLOBAL,피에스케이
320000,KRX,한울반도체
321260,KRX,프로이천
321370,KRX,센서뷰
321550,KRX,티움바이오
321820,KRX,아티스트컴퍼니
322000,KRX,HD현대에너지솔루션
322180,KRX,LS티라유텍
322310,KRX,오로스테크놀로지
322510,KRX,제이엘케이
322780,KRX,코퍼스코리아
322970,KRX,무진메디
323280,KRX,태성
323350,KRX,다원넥스뷰
323410,KRX,카카오뱅크
323990,KRX,박셀바이오
326030,KRX,SK바이오팜
327260,KRX,RF머트리얼즈
327610,KRX,펨토바이오메드
328130,KRX,루닛
328380,KRX,솔트웨어
329180,KRX,HD현대중공업
330350,KRX,위더스제약
330590,KRX,롯데리츠
330730,KRX,스톤브릿지벤처스
330860,KRX,네패스아크
331380,KRX,포커스에이아이
331520,KRX,밸로프
331660,KRX,한국미라클피플사
331740,KRX,아우토크립트
331920,KRX,셀레믹스
332190,KRX,오션스바이오
332290,KRX,누보
332370,KRX,아이디피
332570,KRX,PS일렉트로닉스
333050,KRX,모코엠시스
333430,KRX,일승
333620,KRX,엔시스
334890,KRX,이지스밸류플러스리츠
334970,KRX,프레스티지바이오로직스
335810,KRX,프리시젼바이오
335870,KRX,윙스풋
335890,KRX,비올
336040,KRX,타스컴
336060,KRX,웨이버스
336260,KRX,두산퓨얼셀
336370,KRX,솔루스첨단소재
336570,KRX,원텍
336680,KRX,탑런토탈솔루션
337840,KRX,유엑스엔
337930,KRX,젝시믹스
338100,KRX,NH프라임리츠
338220,KRX,뷰노
338840,KRX,와이바이오로직스
339770,KRX,교촌에프앤비
339950,KRX,아이비김영
340360,KRX,다보링크
340440,KRX,세림B&G
340450,KRX,지씨지놈
340570,KRX,티앤엘
340810,KRX,시선AI
340930,KRX,유일에너테크
341170,KRX,퓨쳐메디신
341310,KRX,이앤에치
342870,KRX,오아
343090,KRX,HLB사이언스
344820,KRX,KCC글라스
344860,KRX,이노진
346010,KRX,타이드
347000,KRX,센코
347700,KRX,스피어
347740,KRX,피엔케이피부임상연구센타
347770,KRX,핌스
347850,KRX,디앤디파마텍
347860,KRX,알체라
347890,KRX,엠투아이
348030,KRX,모비릭스
348080,KRX,큐라티스
348150,KRX,고바이오랩
348210,KOSDAQ GLOBAL,넥스틴
348340,KRX,뉴로메카
348350,KRX,위드텍
348370,KRX,엔켐
348950,KRX,제이알글로벌리츠
350520,KRX,이지스레지던스리츠
351020,KRX,미쥬
351320,KRX,넥사다이내믹스
351330,KRX,이삭엔지니어링
351870,KRX,차이커뮤니케이션
352090,KRX,스톰테크
352480,KRX,씨앤씨인터내셔널
352700,KRX,씨앤투스
352770,KRX,셀레스트라
352820,KRX,하이브
352910,KRX,오비고
352940,KRX,인바이오
353190,KRX,휴럼
353200,KRX,대덕전자
353590,KRX,오토앤
353810,KRX,이지바이오
354200,KRX,엔젠바이오
354320,KRX,알멕
354390,KRX,바스칸바이오제약
355150,KRX,코스텍시스
355390,KRX,크라우드웍스
355690,KRX,에이텀
356680,KRX,엑스게이트
356860,KRX,티엘비
356890,KRX,싸이버원
357120,KRX,코람코라이프인프라리츠
357230,KRX,에이치피오
357250,KRX,미래에셋맵스리츠
357430,KRX,마스턴프리미어리츠
357550,KRX,석경에이티
357580,KRX,아모센스
357780,KOSDAQ GLOBAL,솔브레인
357880,KRX,SKAI
358570,KRX,지아이이노베이션
359090,KRX,씨엔알리서치
360070,KRX,탑머티리얼
360350,KRX,코셈
361390,KRX,제노코
361570,KRX,알비더블유
361610,KRX,SK아이이테크놀로지
361670,KRX,삼영에스앤씨
362320,KRX,청담글로벌
362990,KRX,드림인사이트
363250,KRX,진시스템
363260,KRX,모비데이즈
363280,KRX,티와이홀딩스
364950,KRX,에이아이코리아
365270,KRX,큐라클
365330,KRX,에스와이스틸텍
365340,KRX,성일하이텍
365550,KRX,ESR켄달스퀘어리츠
365590,KRX,하이딥
365900,KRX,브이씨
366030,KRX,공구우먼
367000,KRX,플래티어
368030,KRX,창대정밀
368600,KRX,아이씨에이치
368770,KRX,파이버프로
368970,KRX,오에스피
369370,KRX,블리츠웨이엔터테인먼트
370090,KRX,퓨런티어
371950,KRX,풍원정밀
372170,KRX,윤성에프앤씨
372320,KRX,큐로셀
372800,KRX,아이티아이즈
372910,KRX,한컴라이프케어
373110,KRX,엑셀세라퓨틱스
373160,KRX,데이원컴퍼니
373170,KRX,엠아이큐브솔루션
373200,KRX,엑스플러스
373220,KRX,LG에너지솔루션
375500,KRX,DL이앤씨
376180,KRX,피코그램
376270,KRX,에이치이엠파마
376290,KRX,씨유테크
376300,KRX,디어유
376900,KRX,로킷헬스케어
376930,KRX,노을
376980,KRX,원티드랩
377030,KRX,비트맥스
377190,KRX,디앤디플랫폼리츠
377220,KRX,프롬바이오
377300,KRX,카카오페이
377330,KRX,이지트로닉스
377450,KRX,리파인
377460,KRX,위니아에이드
377480,KRX,마음AI
377740,KRX,바이오노트
378340,KRX,필에너지
378800,KRX,샤페론
378850,KRX,화승알앤에이
379390,KRX,이성씨엔아이
380540,KRX,옵티코어
380550,KRX,뉴로핏
381620,KRX,제닉스로보틱스
381970,KRX,케이카
382150,KRX,온코크로스
382480,KRX,지아이텍
382800,KRX,지앤비에스 에코
382840,KRX,원준
382900,KRX,범한퓨얼셀
383220,KRX,F&F
383310,KRX,에코프로에이치엔
383800,KRX,LX홀딩스
383930,KRX,디티앤씨알오
384470,KRX,코어라인소프트
387570,KRX,파인메딕스
388050,KRX,지투파워
388610,KRX,지에프씨생명과학
388720,KRX,유일로보틱스
388790,KRX,라이콤
388870,KRX,파로스아이바이오
389020,KRX,자람테크놀로지
389030,KRX,지니너스
389140,KRX,포바이포
389260,KRX,대명에너지
389470,KRX,인벤티지랩
389500,KRX,에스비비테크
389650,KRX,넥스트바이오메디컬
389680,KRX,유디엠텍
390110,KRX,애니메디솔루션
391710,KRX,코닉오토메이션
393210,KRX,토마토시스템
393890,KOSDAQ GLOBAL,더블유씨피
393970,KRX,대진첨단소재
394280,KRX,오픈엣지테크놀로지
394800,KRX,쓰리빌리언
395400,KRX,SK리츠
396270,KRX,넥스트칩
396300,KRX,세아메카닉스
396470,KRX,워트
396690,KRX,미래에셋글로벌리츠
397030,KRX,에이프릴바이오
397810,KRX,애드포러스
398120,KRX,에스지헬스케어
399720,KRX,가온칩스
400760,KRX,NH올원리츠
402030,KRX,코난테크놀로지
402340,KRX,SK스퀘어
402420,KRX,켈스
402490,KRX,그린리소스
403360,KRX,라피치
403490,KRX,우듬지팜
403550,KRX,쏘카
403870,KOSDAQ GLOBAL,HPSP
404990,KRX,신한서부티엔디리츠
405000,KRX,플라즈맵
405100,KRX,큐알티
405920,KRX,나라셀라
406820,KRX,뷰티스킨
407400,KRX,꿈비
408900,KRX,스튜디오미르
408920,KRX,메쎄이상
411080,KRX,샌즈랩
412350,KRX,레이저쎌
412540,KRX,제일엠앤에스
413300,KRX,티엘엔지니어링
413390,KRX,엠오티
413630,KRX,씨피시스템
413640,KRX,비아이매트릭스
415380,KRX,스튜디오삼익
415640,KRX,KB발해인프라
416180,KRX,신성에스티
417010,KRX,나노팀
417180,KRX,핑거스토리
417200,KRX,LS머트리얼즈
417310,KRX,코람코더원리츠
417500,KRX,제이아이테크
417790,KRX,트루엔
417840,KRX,저스템
417860,KRX,오브젠
417970,KRX,모델솔루션
418250,KRX,시큐레터
418420,KRX,라온텍
418470,KRX,KT밀리의서재
418550,KRX,제이오
418620,KRX,E8
419050,KRX,삼기에너지솔루션즈
419080,KRX,엔젯
419120,KRX,산돌
419530,KRX,SAMG엔터
419540,KRX,비스토스
420570,KRX,제이투케이바이오
420770,KRX,기가비스
424760,KRX,벨로크
424870,KRX,이뮨온시아
424960,KRX,스마트레이더시스템
424980,KRX,마이크로투나노
425040,KRX,티이엠씨
425420,KRX,티에프이
429270,KRX,시지트로닉스
430690,KRX,한싹
431190,KRX,케이쓰리아이
432320,KRX,KB스타리츠
432430,KRX,와이랩
432470,KRX,케이엔에스
432720,KRX,퀄리타스반도체
432980,KRX,엠에프씨
434190,KRX,탈로스
434480,KRX,모니터랩
435570,KRX,에르코스
437730,KRX,삼현
438700,KRX,버넥트
439090,KRX,마녀공장
439260,KRX,대한조선
439580,KRX,블루엠텍
440110,KRX,파두
440290,KRX,HB인베스트먼트
440320,KRX,오픈놀
441270,KRX,파인엠텍
442770,KRX,IBKS제21호스팩
442900,KRX,미래에셋드림스팩1호
443060,KRX,HD현대마린솔루션
443250,KRX,레뷰코퍼레이션
443670,KRX,에스피소프트
444530,KRX,심플랫폼
444920,KRX,유안타제11호스팩
445090,KRX,에이직랜드
445180,KRX,퓨릿
445680,KRX,큐리옥스바이오시스템즈
446070,KRX,유니드비티플러스
446150,KRX,유안타제12호스팩
446440,KRX,에피바이오텍
446540,KRX,메가터치
446750,KRX,하나26호스팩
446840,KRX,지슨
447690,KRX,아이오바이오
448280,KRX,에코아이
448370,KRX,하나27호스팩
448710,KRX,코츠테크놀로지
448730,KRX,삼성FN리츠
448740,KRX,삼성스팩8호
448760,KRX,IBKS제22호스팩
448780,KRX,마이크로엔엑스
448830,KRX,미래에셋비전스팩3호
448900,KRX,한국피아이엠
449020,KRX,유안타제13호스팩
450050,KRX,하이제8호스팩
450080,KRX,에코프로머티
450140,KRX,코오롱모빌리티그룹
450330,KRX,하스
450520,KRX,인스웨이브
450940,KRX,유안타제14호스팩
450950,KRX,아스테라시스
451220,KRX,아이엠티
451250,KRX,삐아
451700,KRX,엔에이치스팩29호
451760,KRX,컨텍
451800,KRX,한화리츠
452160,KRX,제이엔비
452190,KRX,한빛레이저
452200,KRX,민테크
452260,KRX,한화갤러리아
452280,KRX,한선엔지니어링
452300,KRX,캡스톤파트너스
452400,KRX,이닉스
452430,KRX,사피엔반도체
452450,KRX,피아이이
452670,KRX,상상인제4호스팩
452980,KRX,신한제11호스팩
453340,KRX,현대그린푸드
453450,KRX,그리드위즈
453860,KRX,에이에스텍
454640,KRX,하나29호스팩
454750,KRX,하나28호스팩
454910,KRX,두산로보틱스
455180,KRX,케이지에이
455250,KRX,KB제25호스팩
455310,KRX,한화플러스제4호스팩
455900,KRX,엔젤로보틱스
455910,KRX,에스케이증권제9호스팩
456010,KRX,아이씨티케이
456040,KRX,OCI
456070,KRX,이엔셀
456160,KRX,지투지바이오
456190,KRX,큐라켐
456490,KRX,교보14호스팩
456570,KRX,아이엠지티
456700,KRX,길교이앤씨
457190,KRX,이수스페셜티케미컬
457370,KRX,한켐
457550,KRX,우진엔텍
457600,KRX,벡트
457630,KRX,대신밸런스제16호스팩
457940,KRX,에스케이증권제10호스팩
458610,KRX,한국제12호스팩
458650,KRX,성우
458870,KRX,씨어스테크놀로지
459100,KRX,위츠
459510,KRX,나우로보틱스
460470,KRX,아이빔테크놀로지
460850,KRX,동국씨엠
460860,KRX,동국제강
460870,KRX,에스엠씨지
460930,KRX,현대힘스
460940,KRX,피앤에스로보틱스
461030,KRX,아이엠비디엑스
461300,KRX,아이스크림미디어
462020,KRX,에이치엠씨제6호스팩
462310,KRX,뉴키즈온
462350,KRX,이노스페이스
462510,KRX,라메디텍
462520,KRX,조선내화
462860,KRX,더즌
462870,KRX,시프트업
462980,KRX,아이지넷
463020,KRX,뉴엔AI
463480,KRX,모티브링크
464080,KRX,에스오에스랩
464280,KRX,티디에스팜
464440,KRX,한국제13호스팩
464500,KRX,아이언디바이스
464580,KRX,닷밀
464680,KRX,KB제27호스팩
465320,KRX,교보15호스팩
465480,KRX,인스피언
465770,KRX,STX그린로지스
466100,KRX,클로봇
466410,KRX,사이냅소프트
466910,KRX,엔에이치스팩30호
467930,KRX,IBKS제23호스팩
468530,KRX,프로티나
468760,KRX,유진스팩10호
469480,KRX,IBKS제24호스팩
469750,KRX,아이비젼웍스
469880,KRX,하나30호스팩
469900,KRX,하나31호스팩
471050,KRX,대신밸런스제17호스팩
471820,KRX,셀로맥스사이언스
472220,KRX,신영스팩10호
472230,KRX,에스케이증권제11호스팩
472850,KRX,폰드그룹
473000,KRX,에스케이증권제12호스팩
473050,KRX,유안타제15호스팩
473370,KRX,비엔케이제2호스팩
473950,KRX,에스케이증권제13호스팩
473980,KRX,노머스
474170,KRX,루미르
474490,KRX,유안타제16호스팩
474610,KRX,RF시스템즈
474650,KRX,링크솔루션
474660,KRX,신한제12호스팩
474930,KRX,신한제13호스팩
475150,KRX,SK이터닉스
475230,KRX,엔알비
475240,KRX,하나32호스팩
475250,KRX,하나33호스팩
475400,KRX,씨메스
475430,KRX,키스트론
475460,KRX,미트박스
475560,KRX,더본코리아
475580,KRX,에이럭스
475660,KRX,에스켐
475830,KRX,오름테라퓨틱
475960,KRX,토모큐브
476040,KRX,오가노이드사이언스
476060,KRX,온코닉테라퓨틱스
476080,KRX,M83
476710,KRX,타조엔터테인먼트
477340,KRX,에이치엠씨제7호스팩
477380,KRX,미래에셋비전스팩4호
477470,KRX,미래에셋비전스팩5호
477760,KRX,DB금융스팩12호
478110,KRX,이베스트스팩6호
478390,KRX,KB제29호스팩
478440,KRX,미래에셋비전스팩6호
478560,KRX,블랙야크아이앤씨
478780,KRX,대신밸런스제18호스팩
479880,KRX,한국제15호스팩
479960,KRX,위너스
480370,KRX,씨케이솔루션
481070,KRX,에이유브랜즈
481850,KRX,신한글로벌액티브리츠
481890,KRX,엔에이치스팩31호
482520,KRX,교보16호스팩
482630,KRX,삼양엔씨켐
482680,KRX,미래에셋비전스팩7호
482690,KRX,대신밸런스제19호스팩
483650,KRX,달바글로벌
484120,KRX,도우인시스
484130,KRX,하나34호스팩
484590,KRX,삼양컴텍
484810,KRX,티엑스알로보틱스
484870,KRX,엠앤씨솔루션
486630,KRX,KB제30호스팩
487360,KRX,신한제14호스팩
487570,KRX,HS효성
487720,KRX,키움제10호스팩
487830,KRX,신한제15호스팩
488060,KRX,유진스팩11호
488280,KRX,에스투더블유
489210,KRX,교보17호스팩
489460,KRX,바이오비쥬
489480,KRX,키움제11호스팩
489500,KRX,엘케이켐
489730,KRX,디비금융제13호스팩
489790,KRX,한화비전
492220,KRX,KB제31호스팩
493790,KRX,유안타제17호스팩
495810,KRX,유비씨
495900,KRX,에이엠시지
496070,KRX,신한제16호스팩
496320,KRX,본시스템즈
498390,KRX,한화플러스제5호스팩
499790,KRX,GS피앤엘
900070,KRX,글로벌에스엠
900100,KRX,애머릿지
900110,KRX,이스트아시아홀딩스
900120,KRX,씨엑스아이
900140,KRX,엘브이엠씨홀딩스
900250,KRX,크리스탈신소재
900260,KRX,로스웰
900270,KRX,헝셩그룹
900290,KRX,GRT
900300,KRX,오가닉티코스메틱
900310,KRX,컬러레이
900340,KRX,윙입푸드
950130,KRX,엑세스바이오
950140,KRX,잉글우드랩
950160,KRX,코오롱티슈진
950170,KRX,JTC
950190,KRX,고스트스튜디오
950200,KRX,소마젠
950210,KRX,프레스티지바이오파마
950220,KRX,네오이뮨텍
